id,kind,lat,lng,r
4002559000,1,37.6145825,75.3435011,14387
4002559001,1,37.6982476,75.2392333,14389
487900,1,39.5641341,76.0766790,14167
487901,1,39.5225388,75.9633002,14238
4004502200,1,38.2851494,77.0018455,14671
4004502201,1,38.2031611,77.1117265,14669
421800,1,32.0591678,80.1064993,15932
421801,1,32.1404615,79.9994296,15934
4004770700,1,39.9396891,79.2478571,14058
4004770701,1,39.8402799,79.2228348,14066
4004503000,1,30.4375410,81.0807697,15748
4004503001,1,30.3589743,81.1850510,15746
4002558600,1,36.8351188,81.8314586,13894
4002558601,1,36.7810020,81.7235531,13896
4004770100,1,40.4804613,81.3123458,14665
4004770101,1,40.3890365,81.2128019,14626
101500,1,41.2525878,80.2298698,13864
101501,1,41.2724040,80.3500724,13863
902600,1,43.9115654,81.2749981,14315
902601,1,44.0008502,81.3859914,14269
4002558800,1,43.1348491,81.2865071,14099
4002558801,1,43.0516452,81.1726504,14081
3276600,1,41.6541866,82.8121162,13636
3276601,1,41.6981208,82.9299791,13522
960003800,1,41.6200000,84.3441669,14404
960003799,1,41.5508335,84.2141663,14623
3277200,1,44.8942894,82.2346914,13364
3277201,1,44.8958948,82.3652610,13291
3277800,1,43.4108735,83.3183332,13710
3277801,1,43.4516209,83.4366432,13669
729000,1,46.6927742,83.2733066,14163
729001,1,46.6491379,83.4183064,14152
293200,1,38.1825782,85.4246022,14861
293201,1,38.2823558,85.5016724,14607
508200,1,41.6661090,86.1848286,15216
508201,1,41.5651527,86.0992826,15225
3323400,1,44.2532492,85.9517379,13500
3323401,1,44.2309185,85.8282572,13746
509500,1,45.5003116,84.8847292,14507
509501,1,45.4313668,85.0219014,14576
146600,1,43.8689841,87.4141448,14344
146601,1,43.9442786,87.5316828,14323
960001569,0,43.7920297,87.6257592,500
960001592,0,43.7955699,87.6215384,500
3276700,1,47.7682153,88.0109332,13793
3276701,1,47.7328843,88.1590506,13626
3277900,1,48.2458348,86.9215479,14263
3277901,1,48.1981304,87.0700634,14347
972800,1,29.3664175,89.3625467,15028
972801,1,29.3383760,89.2593760,15358
3278200,1,43.0449343,89.1566459,13952
3278201,1,43.0167373,89.0408169,13891
4004502000,1,44.1483719,89.4935233,14301
4004502001,1,44.1836953,89.6127451,14299
866400,1,46.8217800,89.4383909,14133
866401,1,46.7862465,89.5857285,13895
408100,1,29.2834859,90.8630976,15350
408101,1,29.3137888,90.9609009,15346
960001581,0,29.6513038,91.1158910,500
3325200,1,38.2369871,90.7605002,14189
3325201,1,38.1624291,90.8994007,14938
148900,1,42.8317446,93.7392996,14358
148901,1,42.8498080,93.6032691,14360
960003554,1,43.7600325,93.0823987,2594
960003558,1,43.7654487,93.0859373,5803
960003556,1,43.7467209,93.1899870,5801
960003555,1,43.7560928,93.1379429,5212
960003557,1,43.7521252,93.1935395,2593
411500,1,29.3520519,94.3772987,15036
411501,1,29.2554034,94.2936978,15014
242300,1,36.4168925,94.8389239,15686
242301,1,36.3835861,94.7331843,15688
65000,1,40.1375214,94.7533317,13879
65001,1,40.1841288,94.8649665,13931
342500,1,30.5169584,97.1680411,16418
342501,1,30.5858709,97.0539307,16420
925200,1,32.8376401,96.9814167,13886
925201,1,32.8349724,97.0944284,14023
3322800,1,37.0856727,97.2158469,14072
3322801,1,37.1642674,97.3216423,14271
263300,1,39.8923814,98.2731990,14816
263301,1,39.8268644,98.4034426,14602
3336400,1,22.4351572,99.7285997,14067
3336401,1,22.3987192,99.8388763,14104
347200,1,25.1103585,99.1658047,13173
347201,1,25.0039357,99.1660141,13193
3276500,1,23.7799967,99.9773113,14069
3276501,1,23.6983158,100.0710231,14073
1549800,1,24.9008312,98.5041103,14232
1549801,1,24.9850287,98.4683961,14109
404200,1,24.3517596,98.4989899,14149
404201,1,24.4506988,98.5669991,14157
58200,1,27.7500131,99.7251700,15018
58201,1,27.8343017,99.6307159,15019
4004502400,1,31.7420560,99.6158883,14662
4004502401,1,31.7700672,99.4979245,14664
3233500,1,22.8366763,100.9333696,13728
3233501,1,22.7508165,100.9841500,14022
263900,1,22.0183393,100.7206174,13969
263901,1,21.9341754,100.8051955,13852
3277100,1,26.4896019,101.7873305,13875
3277101,1,26.5903684,101.8090819,14026
62700,1,25.6067108,100.3545640,14313
62701,1,25.6925869,100.2832853,14312
384000,1,26.7269626,100.2519412,13693
384001,1,26.6171248,100.2393475,13676
776900,1,27.9466674,102.2057829,14555
776901,1,28.0316681,102.1621731,14567
3322400,1,27.5874149,100.7987788,14843
3322401,1,27.4836834,100.7224751,14698
3322600,1,29.3661498,100.0139363,13627
3322601,1,29.2758384,100.0898979,14246
3277400,1,30.1039367,101.7909937,15095
3277401,1,30.1841614,101.6848013,15187
3323000,1,34.3993686,100.3631328,14562
3323001,1,34.4398124,100.2305843,14740
780900,1,36.5369744,101.9787207,14260
780901,1,36.5210578,102.1003701,14070
960001568,0,36.6227479,101.7785116,500
960001591,0,36.6288858,101.7821084,500
4002558100,1,38.0119180,100.7044877,14091
4002558101,1,38.0045728,100.5849486,14091
933800,1,38.8203664,100.5969730,13856
933801,1,38.7982493,100.7246708,13846
4004501600,1,39.2541357,101.4854956,14366
4004501601,1,39.1963778,101.6131466,14363
4004501800,1,42.0313549,100.9327552,13750
4004501801,1,41.9996308,101.0680903,13747
960001566,0,25.0495561,102.7080709,500
960001589,0,25.0062919,102.6764325,500
1091400,1,25.0535186,102.9141796,15015
1091401,1,25.1324176,102.9383355,20078
873600,1,27.3782755,103.7884803,14785
873601,1,27.2772574,103.7246979,14840
207500,1,30.4987772,103.9341545,16207
207501,1,30.5874026,103.9483349,19193
95000,1,32.4891205,102.3988359,14940
95001,1,32.5744005,102.3056847,14942
276100,1,32.9011483,103.6847126,14222
276101,1,32.8046379,103.6796053,14222
3323200,1,34.8195711,102.5655322,13604
3323201,1,34.8181836,102.6794441,13477
381400,1,36.5558226,103.5962503,14455
381401,1,36.4708270,103.6466187,14391
960001582,0,36.0608921,103.8244110,500
960001601,0,36.0588045,103.8438309,500
264700,1,38.5701810,102.2745298,14796
264701,1,38.5172796,102.4124488,14659
3277500,1,23.6072385,104.3320510,13869
3277501,1,23.5084710,104.3183329,13869
40002377,0,25.2006505,104.6837868,1422
3336200,1,26.5609500,104.9404425,14701
3336201,1,26.6569268,105.0160068,14650
125300,1,26.2219644,105.8258949,14511
125301,1,26.2993101,105.9211831,14506
85700,1,25.1249952,104.9131250,14210
85701,1,25.0416679,105.0052128,14211
4000006700,1,28.8542371,104.5817323,13708
4000006701,1,28.8625657,104.4701361,13710
3028602500,1,28.9923123,105.4199459,14329
3028602501,1,29.0688166,105.5176041,14323
3336000,1,27.2371365,105.4229556,13999
3336001,1,27.2966911,105.5202168,13997
4000127700,1,30.1915982,104.4393580,13798
4000127701,1,30.2914778,104.5937841,11757
4000127702,1,30.3587469,104.4222800,17460
960001565,0,30.6540857,104.0739816,500
960001588,0,30.6679137,104.0561212,500
4000256000,1,31.4516257,106.0169386,14169
4000256001,1,31.5521952,106.0528290,14168
256100,1,32.3603833,105.6441504,13666
256101,1,32.4199704,105.7466596,13593
640600,1,31.3944084,104.7961531,14649
640601,1,31.4655366,104.6834495,14651
4000125400,1,33.8158907,105.8410219,14194
4000125401,1,33.7630280,105.7371120,14197
739500,1,34.5625509,105.9176465,13748
739501,1,34.5577804,105.8027461,13748
256200,1,36.0366555,106.2433099,14091
256201,1,36.1216701,106.1900248,14090
4004501400,1,38.7821359,105.5225775,14447
4004501401,1,38.7145246,105.6454150,14444
877500,1,37.5898860,105.2083215,13785
877501,1,37.5550470,105.0964679,13778
88700,1,23.7433931,106.9026857,14314
88701,1,23.6962431,107.0139604,14214
3321600,1,24.8387886,107.6558346,14449
3321601,1,24.7716938,107.7641698,14303
3278000,1,25.5025161,107.9839825,14337
3278001,1,25.4008600,107.9409284,14339
518300,1,26.5843336,106.7984360,13623
518301,1,26.4923164,106.8057391,13668
960001580,0,26.6036692,106.7016493,500
960001600,0,26.5689571,106.7185549,500
4000006100,1,27.9190814,106.4670214,14052
4000006101,1,28.0054913,106.4042951,14051
884900,1,27.7670276,107.2608126,14102
884901,1,27.8550027,107.2333587,14102
960003801,1,28.1791677,108.1883335,13913
960003802,1,28.0908343,108.1399992,13915
40042400,0,29.5768222,106.5861208,1200
186600,1,29.7264768,106.6030582,9218
186601,1,29.6335357,106.6348032,12054
186602,1,29.7678038,106.6641727,14731
40045005,0,29.5600942,106.5734016,500
413000,1,30.7488603,106.1169980,14812
413001,1,30.8408405,106.2076942,14893
40045004,0,29.5970420,106.5201812,500
40042406,0,29.5335674,106.4985466,1500
40025607,0,29.5667598,106.5455948,1000
4004501200,1,31.0978294,107.4437623,13678
4004501201,1,30.9992977,107.4286138,13679
4000218000,1,31.6980345,106.5930439,14235
4000218001,1,31.7773105,106.6926653,14228
40002367,1,34.2570338,108.1184927,1211
162900,1,33.0940166,107.1549998,13678
162901,1,33.1734507,107.2566836,13913
293300,1,35.8368510,107.5407205,14687
293301,1,35.7689766,107.6584386,14810
288800,1,38.3696426,106.4174331,14669
288801,1,38.2711301,106.3690892,14608
960001583,0,38.4719628,106.2547325,500
960001602,0,38.4975497,106.2240949,500
380900,1,39.7473375,106.8065259,13492
380901,1,39.8376327,106.7934660,13745
40000190,1,18.3142090,109.4183350,843
40000252,1,18.4927365,110.0006140,4339
40000206,1,18.6740110,109.2095950,1085
40000218,1,18.2070925,109.6627850,5017
40000250,1,18.3306885,109.4622800,2966
40000253,1,18.4680175,109.9456790,843
40000239,1,18.7234495,109.1217040,1085
40000222,1,18.3224485,109.4293210,656
40000230,1,18.4680190,109.9704050,3384
40000185,1,18.6644000,109.1876195,4102
40000170,1,18.6355590,109.1876220,655
40000260,1,18.4542845,109.9456790,1085
40000247,1,18.4872435,109.9346925,1085
40000184,1,18.6644000,109.1326880,4102
40000197,1,18.6795040,109.0887450,1635
40000173,1,18.3279415,109.4952390,656
40000220,1,18.3114620,109.5172115,2317
40000275,1,18.2015995,109.5556640,4844
40000186,1,18.6465455,109.1986085,1085
40000187,1,18.7234495,109.1107180,1085
870100,1,18.2758541,109.3683473,14204
870101,1,18.3294042,109.4583385,14097
40000174,1,18.4707640,109.9346925,1085
40000255,1,18.4982300,109.9676550,4339
40000271,1,18.7165850,109.1876220,4101
40000211,1,18.4378050,110.0335695,2759
40000272,1,18.7399290,109.1766355,5894
40000264,1,18.5421755,109.9346925,655
40000181,1,18.4350585,109.9841310,3689
40000270,1,18.5229505,109.9566650,4213
40000261,1,18.2592775,109.5062255,843
40000248,1,18.6383055,109.1381835,5241
40000219,1,18.2894900,109.4073485,1635
40000276,1,18.6987305,109.2205810,1924
40000198,1,18.2730100,109.4238280,1920
40000234,1,18.7371825,109.1711425,4983
40000267,1,18.2510375,109.4952390,656
40000254,1,18.2922360,109.7094725,1312
40000172,1,18.6904905,109.1601560,5280
40000240,1,18.4487915,109.9731465,2779
40000199,1,18.2675170,109.4842505,4000
40000175,1,18.2894900,109.4677730,4439
40000192,1,18.6437985,109.1491700,4985
40000213,1,18.2070925,109.7067300,5279
40000212,1,18.2455445,109.4787595,1201
40000194,1,18.2153320,109.4897460,2626
40000203,1,18.2455445,109.4293210,656
40000191,1,18.2400515,109.4512935,1769
40000238,1,18.4790050,109.9429360,2339
40000202,1,18.5092165,109.9237060,3413
40000237,1,18.5311890,109.9346925,1085
40000263,1,18.4680190,110.0115995,4214
40000200,1,18.6602780,109.1986085,842
40000180,1,18.7069700,109.0997315,1085
40000262,1,18.7371825,109.1217040,842
40000233,1,18.7165850,109.1326905,4101
40000210,1,18.7097170,109.1107180,842
40000182,1,18.6602780,109.2095950,842
40000176,1,18.3142085,109.4952360,3434
40000209,1,18.5504150,109.9511725,2398
40000269,1,18.3059690,109.4403045,3999
40000235,1,18.4432980,110.0170915,2779
40000226,1,18.2592775,109.4293185,3434
40000251,1,18.6740110,109.2205810,1085
40000274,1,18.2839965,109.5172120,1635
40000168,1,18.3032225,109.5007325,1686
40000196,1,18.6795040,109.0997315,2217
40000204,1,18.2620240,109.4073485,2318
40000245,1,19.6545410,109.7534180,5529
40000183,1,19.6957395,109.7451825,4456
40000188,1,19.6490480,109.6929930,840
40000224,1,19.6710205,109.6820070,840
40000189,1,19.6710205,109.6710205,840
40000256,1,19.6875000,109.6710205,1352
40000265,1,19.6875000,109.7918700,840
40000266,1,19.7479250,109.7589110,840
40000179,1,19.6408085,109.7039795,652
40000223,1,19.7259520,109.7698975,840
40000244,1,19.7135945,109.7712745,2540
40000259,1,19.6696495,109.7589135,4090
40000195,1,19.7232055,109.7410645,3175
40000207,1,19.7561645,109.6984865,4851
40000178,1,19.6600340,109.6929930,840
40000227,1,19.7396850,109.7094725,5078
40000221,1,19.7369385,109.7698975,840
40000246,1,19.6600340,109.6820070,840
40000208,1,19.7012325,109.7067305,4457
40000268,1,19.6696495,109.7039820,4090
40000205,1,19.6545415,109.7424315,4959
40000217,1,19.4677735,108.8909915,2521
40000249,1,19.7561645,109.7479250,652
40000216,1,19.7067260,109.7918700,1634
40000169,1,19.7122190,109.7808840,1083
40000258,1,19.7218345,109.6957420,4297
40000231,1,19.7067260,109.6600340,3412
40000243,1,19.7259520,109.7808840,840
40000214,1,19.7369385,109.7589110,840
322900,1,21.4914480,109.2948490,13647
322901,1,21.5851716,109.2947469,13934
1248500,1,22.6590707,108.2118676,14764
1248501,1,22.5592246,108.1413801,14790
960001599,0,22.8171443,108.3528542,500
960001579,0,22.8193548,108.3235381,500
410800,1,24.2499860,109.3456671,14303
410801,1,24.1683280,109.4376758,14304
163000,1,26.2774153,109.1049893,14283
163001,1,26.3666946,109.1935168,14136
4002557900,1,28.4454585,109.4884971,14502
4002557901,1,28.5450308,109.5508841,14468
145100,1,27.3886710,109.6796544,14444
145101,1,27.4964311,109.7361863,14177
733700,1,27.8290116,109.2782456,14393
733701,1,27.9365204,109.3458118,14515
40002378,0,30.3546903,109.4791992,1204
809600,1,30.7930837,108.4904122,13550
809601,1,30.8130099,108.3753943,13470
265600,1,29.4637053,108.8155249,13867
265601,1,29.5645865,108.8478248,13621
14100,1,30.2740003,109.4882005,13503
14101,1,30.3676439,109.4818067,13326
4000154100,1,32.7470773,108.8199367,13918
4000154101,1,32.7667089,108.9275040,13917
777500,1,34.3833723,108.7202235,15312
777501,1,34.4957482,108.8034137,15279
960001590,0,34.2296385,108.9571471,500
960001567,0,34.2685413,108.9494443,500
3028602700,1,36.5225610,109.4182431,14222
3028602701,1,36.4367056,109.5100772,14220
703900,1,38.4041277,109.5271891,14774
703901,1,38.3125067,109.6653415,14626
304600,1,40.5860570,109.9316454,14505
304601,1,40.5324741,110.0624635,14548
72300,1,39.5158163,109.7942772,14590
72301,1,39.4708331,109.9256931,14483
40000177,1,18.4844970,110.0445555,3112
40000241,1,18.4844970,110.0555420,2514
40000229,1,18.5229505,110.0115965,4213
40000232,1,18.5174560,110.0445555,843
40000201,1,18.5339355,110.0225830,843
40000236,1,18.5339355,110.0335690,843
40000228,1,18.5202025,110.0335690,1085
40000193,1,18.5449220,110.0225830,843
40045189,1,19.5969462,110.9304178,1166
40045151,1,19.6219445,110.9195834,755
40000171,1,19.9868775,110.3137205,1470
40000225,1,19.6298215,110.9509275,4077
3322200,1,19.1833330,110.4065559,14769
3322201,1,19.1020528,110.5017665,14896
133600,1,19.9192363,110.4141834,14539
133601,1,19.9516066,110.5041613,14502
960001587,0,20.0205067,110.3766394,500
960001564,0,20.0228064,110.3443502,500
4000217200,1,21.5236604,110.5459134,14980
4000217201,1,21.4437266,110.6415345,14978
4000011600,1,22.4835967,110.1436548,14287
4000011601,1,22.3828799,110.0971521,14289
3028602400,1,23.4528609,111.1289792,14491
3028602401,1,23.3532886,111.0696643,14494
3028602600,1,26.8565034,110.6582408,14016
3028602601,1,26.7559545,110.6243133,14018
386600,1,26.2974795,111.6384508,14130
386601,1,26.3858473,111.5819063,14118
178100,1,28.8722979,111.6381684,13286
178101,1,28.9643882,111.6415052,13556
902400,1,30.5852416,111.4208502,14406
902401,1,30.5279922,111.5374659,14527
77300,1,29.0689630,110.3908197,13995
77301,1,29.1393325,110.4891772,13986
3321800,1,31.5850099,110.3793483,13772
3321801,1,31.6691802,110.2972678,13678
3322000,1,32.6210341,110.8483587,14304
3322001,1,32.5654978,110.9649485,14208
3320200,1,36.1758094,111.6052933,13765
3320201,1,36.0925094,111.6771893,13786
892300,1,35.0836836,110.9787500,14281
892301,1,35.1491823,111.0838667,14277
3335800,1,37.6385781,111.1791365,14019
3335801,1,37.7250146,111.1068206,14019
40002372,1,40.1939007,111.3588755,2497
139800,1,40.8089739,111.7666666,14367
139801,1,40.8867733,111.8800123,14462
960001557,0,40.8184105,111.7580471,500
3277300,1,43.4316350,112.0228339,13749
3277301,1,43.4150154,112.1554419,13671
40045074,0,22.1377750,113.5786110,160
40045114,0,22.1672440,113.5297910,1000
40045081,1,22.1492388,113.5914903,4822
872400,1,22.6808259,113.7473554,15146
872401,1,22.5983425,113.8568012,15027
40002466,1,22.2559123,113.8530439,51
40045070,0,22.1958890,113.5531110,102
884100,1,21.9584514,113.3427505,15138
884101,1,22.0565437,113.4090786,15148
40002459,1,22.2997876,113.9314908,29
4000220000,1,22.3020836,113.9161692,4860
4000220001,1,22.3160835,113.9138355,4767
40045092,0,22.1900000,113.5379170,98
40045134,0,22.1615560,113.5486110,107
40045077,0,22.1186940,113.5544720,65
40045121,0,22.1830830,113.5404720,50
40045116,0,22.1849170,113.5341110,74
40047711,0,22.1352940,113.5775470,222
33375,0,22.5300000,113.5633330,1000
33334,0,22.3716910,114.0248170,150
33333,0,22.3653610,114.0172180,150
40042430,0,22.3154348,114.0455601,2500
40047712,0,22.1320970,113.5893640,375
40045139,0,22.1517220,113.5571940,189
40045125,0,22.1944720,113.5495280,82
40045086,0,22.2113610,113.5404720,109
33376,0,22.4983330,113.9016670,1000
40045106,0,22.1476110,113.5445000,1000
10690,0,22.2242920,113.8948240,161
40045144,0,22.1936110,113.5507220,107
40045098,0,22.1867780,113.5360560,70
40045085,0,22.1194440,113.5549720,102
40045108,0,22.1834720,113.5400000,50
40045113,0,22.1969720,113.5591670,1000
40045115,0,22.1660630,113.5772220,1000
960003605,1,22.5803498,113.9384178,132
960003606,1,22.5803498,113.9384178,132
960003791,1,22.5865034,113.9396041,12
4000174600,1,25.0168987,113.3703772,14373
4000174601,1,24.9387420,113.4699119,14372
164800,1,23.3397825,113.2970893,14568
164801,1,23.4393764,113.3023032,14454
865200,1,23.0354548,113.0711446,13827
865201,1,23.1309074,113.0714751,13827
960001563,0,23.1359180,113.2615851,500
960001586,0,23.1188380,113.2914299,500
960003145,1,23.2869338,113.6741512,19
4000160600,1,25.7934647,112.8924602,14258
4000160601,1,25.7133954,112.7986447,14263
150900,1,26.6726887,112.5879420,14215
150901,1,26.7706285,112.6470677,14320
205300,1,28.1908269,113.2444756,19021
205301,1,28.1933462,113.1983870,18764
960001598,0,28.2064570,112.9935891,500
960001578,0,28.1194067,112.9774743,500
4000002300,1,29.2700229,113.3020564,14157
4000002301,1,29.3555600,113.2611364,14157
4000160200,1,30.3364116,112.4313384,14127
4000160201,1,30.2491174,112.4653624,14126
776100,1,32.1968170,112.2876373,13557
776101,1,32.1039827,112.2940144,13317
430300,1,32.9317819,112.5813362,14581
430301,1,33.0323185,112.6522952,14549
179100,1,34.5191657,113.8287860,19068
179101,1,34.5324972,113.8687534,19102
408900,1,34.7743035,112.4383329,13534
408901,1,34.7056287,112.3350016,13542
960001597,0,34.7662839,113.6702571,500
960001577,0,34.7678601,113.7470171,500
183100,1,36.2016011,113.1346974,13888
183101,1,36.2937359,113.1175406,13889
3324800,1,38.6342495,113.0216526,14027
3324801,1,38.5590192,112.9166718,13837
771200,1,37.7714221,112.5675518,14756
771201,1,37.7203721,112.6932707,14806
960001593,0,37.8598379,112.5379739,500
960001571,0,37.8134437,112.5726101,500
49700,1,40.0919471,113.4040352,14809
49701,1,40.0334450,113.5458909,14480
4004502600,1,39.2279040,112.6412394,14487
4004502601,1,39.3177810,112.7417947,14554
3324600,1,41.1020899,113.0483159,14004
3324601,1,41.1564180,113.1616145,14057
960001818,0,20.4822115,115.3096247,200
960001819,1,20.4823285,115.3056013,205
960002985,1,20.4823963,115.3215994,176
40002437,1,22.2787731,114.1680812,117
40002443,1,22.2902718,114.1942051,33
40002482,1,22.4239024,114.1096007,335
40002470,1,22.2838195,114.1403314,31
40002440,1,22.2791628,114.1586132,144
40042629,1,22.2709370,114.2030550,480
10688,0,22.3379890,114.1432610,165
40002460,1,22.4848666,114.0769380,49
40002445,1,22.3224636,114.1545649,81
40002463,1,22.4902087,114.0806242,329
40042616,1,22.3711986,114.1227193,72
40002496,1,22.2847650,114.1743850,50
40002455,1,22.2768877,114.1665739,126
40002447,1,22.2756827,114.1614097,47
40002456,1,22.2817555,114.1635576,134
40002458,1,22.3370320,114.1803806,254
40042599,1,22.2828265,114.1825535,101
40002448,1,22.2756725,114.1631334,40
40002441,1,22.2881007,114.1397888,35
40002439,1,22.2794487,114.1597001,30
40002475,1,22.4268083,114.1084310,67
40002472,1,22.2706753,114.1606384,67
40002467,1,22.4787061,114.0705904,254
40002461,1,22.4851830,114.0761873,100
40002478,1,22.4221557,114.1124726,189
40002462,1,22.4858358,114.0805829,432
40002473,1,22.4280367,114.1068838,202
40002454,1,22.1989780,114.2160272,755
40002457,1,22.3051100,114.1745446,207
40002451,1,22.2837791,114.1644499,76
40002465,1,22.4371117,114.0798981,1024
10706,0,22.4372700,114.0804000,989
40002474,1,22.4264303,114.1089214,711
40042612,1,22.2463770,114.1714590,314
40032530,1,22.4892335,114.1320575,248
40002479,1,22.4180207,114.1159527,33
40042630,1,22.4990355,114.1390270,272
33377,0,22.5983330,114.5416667,1000
40000065,0,22.6068402,114.5511818,1000
40002452,1,22.1993086,114.2214005,578
10685,0,22.2116430,114.2189530,238
40002435,1,22.2785574,114.1573464,111
40002444,1,22.3229993,114.1558679,66
40002471,1,22.3398313,114.1769229,29
40002464,1,22.5116875,114.1522310,274
40042572,1,22.4997525,114.1379640,70
40002434,1,22.3197381,114.1426567,856
40002450,1,22.2846833,114.1649417,180
40002442,1,22.2812898,114.1921853,23
40002468,1,22.4813622,114.0704020,13
40042594,1,22.4517592,114.1734752,75
33332,0,22.3394080,114.2457050,200
40002480,1,22.4212985,114.1119414,365
40002494,1,22.3037675,114.2157700,65
40042619,1,22.2856540,114.2251080,115
40002477,1,22.4287164,114.1051820,226
40042585,1,22.3275130,114.1691170,156
40002481,1,22.4280367,114.1068838,202
40002469,1,22.4798083,114.0681345,454
40002446,1,22.2882429,114.1424977,26
40002449,1,22.2758372,114.1624129,53
40002433,1,22.3190861,114.1365757,839
40025611,1,22.3339787,114.2006576,62
40042636,1,22.3232755,114.1834565,79
40002436,1,22.2810425,114.1657236,163
40002476,1,22.4287164,114.1051820,226
40002453,1,22.2032518,114.2160272,608
40002438,1,22.2808782,114.1603954,52
960003780,1,22.6997246,114.4300456,36
960003797,1,22.5468071,114.0256939,2603
679300,1,24.3131815,116.1300071,14329
679301,1,24.2134712,116.0668332,14323
160400,1,23.0696853,114.6474106,14453
160401,1,23.0265501,114.5543559,14454
263600,1,26.8291571,114.6891698,13665
263601,1,26.8875122,114.7825097,13713
504300,1,25.8984067,114.8246096,14299
504301,1,25.8082249,114.7333300,14193
960003083,1,25.9608456,116.0782001,5202
960003081,1,25.9609927,116.1115066,6219
960003082,1,25.9491433,116.0360668,4693
3321400,1,27.8474747,114.3472303,14541
3321401,1,27.7524713,114.2623970,14577
960001576,0,28.6410878,115.8081777,500
807500,1,30.7534456,114.2225023,19495
807501,1,30.7992107,114.2066687,19506
4004502800,1,29.4270463,115.7728721,14473
4004502801,1,29.5272600,115.8304194,14469
4000216800,1,30.3467070,115.0242340,18960
4000216801,1,30.3329436,115.0548328,18902
960001585,0,30.5502996,114.3446876,500
960001562,0,30.5485006,114.3363483,500
3276300,1,32.9322023,115.7445408,13982
3276301,1,32.8325528,115.7240126,13983
960003562,1,33.5632676,115.8473892,3626
960003560,1,33.5603574,115.9173692,4621
960003561,1,33.5582530,115.8790137,4508
960003559,1,33.5648343,115.9647538,4668
4000160800,1,35.1708036,115.7761928,13974
4000160801,1,35.2571800,115.6972326,13974
137800,1,36.4749819,114.3836760,15107
137801,1,36.5745722,114.4634132,15033
781000,1,36.8396678,114.4804103,14425
781001,1,36.9247245,114.3797136,14427
4004769900,1,35.8192991,114.4505886,13946
4004769901,1,35.9193959,114.4812905,13945
834200,1,38.3200024,114.6380524,14969
834201,1,38.2421399,114.7552653,14928
960001556,0,38.0370024,114.5244770,500
972300,1,40.7301324,114.9966465,13833
972301,1,40.7491158,114.8648832,13835
9371,0,39.9074800,116.3913720,30000
960003588,1,40.2500038,116.5833320,97316
960003586,1,40.2833339,116.0000006,108678
777200,1,43.8611538,115.9375006,14129
777201,1,43.9621235,115.9826709,14214
3276200,1,23.5001607,116.4735059,14392
3276201,1,23.6023274,116.5325831,14277
372100,1,25.7254825,116.7591675,14012
372101,1,25.6246415,116.7333616,14013
3321000,1,26.3717436,117.7930042,14153
3321001,1,26.4733267,117.8775130,14711
3321200,1,28.3266822,117.9216506,14392
3321201,1,28.4266987,118.0116764,14443
807700,1,27.7504325,118.0133271,14152
807701,1,27.6488594,117.9856476,14153
261900,1,29.2901630,117.1469331,14413
261901,1,29.3898278,117.2078674,14233
274100,1,30.7652155,117.6284597,14124
274101,1,30.7183271,117.7423465,14295
114300,1,30.5382579,117.0037516,14280
114301,1,30.6292262,117.0966903,14349
140600,1,32.0274932,116.9247896,14879
140601,1,31.9491667,117.0285347,14720
960001575,0,31.7380124,117.3238471,730
960001596,0,31.8630770,117.2893490,500
960003803,1,33.1441674,116.9991674,14200
784000,1,34.0358515,117.5058249,14383
784001,1,34.0808028,117.6074971,14374
960003804,1,33.1874998,117.1166666,14149
4004291900,1,35.6796950,116.7932875,13033
4004291901,1,35.6180470,116.6871015,13034
751300,1,36.9008480,117.1984143,14415
751301,1,36.8149902,117.2366045,14506
960001584,0,36.6506082,116.9977672,500
960001561,0,36.6698318,117.0149349,500
33237,0,40.2418451,116.3834025,500
768100,1,39.7067584,117.9457295,13759
768101,1,39.7282478,118.0600414,13954
580300,1,40.0423727,116.5333727,13300
580301,1,40.0800130,116.6027303,20170
762000,1,39.1266674,117.3165656,19034
762001,1,39.1283279,117.3970261,19208
4000006200,1,39.5122782,116.5569310,12513
4000006201,1,39.4490950,116.4512256,16964
4000006202,1,39.4988797,116.2789778,9972
4000006203,1,39.5354691,116.3667558,15197
960001570,0,39.0842847,117.1951957,500
960003587,1,40.5500034,117.1333356,74414
3276400,1,49.5720426,117.2561578,13578
3276401,1,49.5612299,117.4029243,13567
500200,1,24.4288800,118.3610100,5632
500201,1,24.4071855,118.3146380,2918
500202,1,24.4505775,118.4073990,2918
500203,1,24.4288400,118.3610350,17382
780200,1,24.4966827,118.0888246,14841
780201,1,24.5907913,118.1680548,14932
802200,1,23.3691900,119.5035950,4900
802201,1,23.3317155,119.4877925,2890
802202,1,23.4066720,119.5193960,2890
802203,1,23.3691950,119.5036750,16624
3255700,1,24.7399478,118.5678816,14397
3255701,1,24.8480070,118.6098531,14167
682500,1,23.5686200,119.6282450,5855
682501,1,23.6163083,119.6453828,2879
682502,1,23.5209302,119.6111035,2879
682503,1,23.5686200,119.6283350,17648
191300,1,23.2130900,119.4175550,4883
191301,1,23.1751425,119.4032765,2882
191302,1,23.2510305,119.4318315,2882
191303,1,23.2130900,119.4176350,16607
411100,1,26.1597700,119.9584650,5224
411101,1,26.1209955,119.9368390,2908
411102,1,26.1985520,119.9800995,2907
411103,1,26.1597700,119.9585700,16971
633900,1,26.2242800,120.0027900,5039
633901,1,26.1879065,119.9807515,2913
633902,1,26.2606530,120.0248285,2913
633903,1,26.2242750,120.0028850,16770
39300,1,25.9863035,119.6813324,14399
39301,1,25.8836874,119.6463803,14528
960001560,0,26.1062045,119.2923392,500
275200,1,28.9208167,118.8578008,14334
275201,1,29.0124795,118.9418525,14568
960003073,1,28.3740061,119.8496849,4541
960003075,1,28.3569117,119.7805676,4423
960003072,1,28.3850754,119.8901922,4423
960003074,1,28.3679746,119.8210577,4542
1589200,1,29.7606862,118.1975871,14558
1589201,1,29.7085243,118.3123564,14369
10243,0,30.2335280,120.1523420,151
960001559,0,30.2690924,120.1483537,500
4000154300,1,31.1519224,118.7064654,14701
4000154301,1,31.0561684,118.6268361,14746
425600,1,31.6757820,118.8175013,14947
425601,1,31.7858443,118.9077730,14821
218500,1,31.9115979,119.8345662,14070
218501,1,31.9292231,119.7170881,14088
3223600,1,32.6083069,119.6798062,13918
3223601,1,32.5233266,119.7602242,13886
960001574,0,32.0636411,118.7565487,500
4000174800,1,34.4637201,119.1953832,14130
4000174801,1,34.3634099,119.1625248,14131
143200,1,33.7328000,119.0981744,14381
143201,1,33.8414161,119.1562308,14373
972100,1,35.0941562,118.3934117,14293
972101,1,35.0091486,118.4307699,14207
791200,1,36.6908533,119.0714015,13812
791201,1,36.6058374,119.1660723,13884
4000160400,1,36.3300163,120.1468368,13838
4000160401,1,36.3606741,120.0775818,19191
3325000,1,35.4254852,119.2634620,14533
3325001,1,35.3811712,119.3881742,14538
68400,1,37.4616662,118.8029812,14087
68401,1,37.5567843,118.7650457,13282
3320000,1,39.6970544,119.1149781,13511
3320001,1,39.6289195,119.0045226,13334
960003786,0,39.8049166,119.3135223,50000
182900,1,42.2095578,118.8554305,13782
182901,1,42.1096017,118.8251241,13649
3277600,1,47.2723190,119.8508359,13703
3277601,1,47.3492806,119.9741913,13808
3324400,1,49.1800286,119.7624999,13783
3324401,1,49.2299775,119.8941667,13948
488000,1,22.5771000,120.3487900,5630
488001,1,22.5754909,120.4030773,2898
488002,1,22.5787125,120.2944875,2898
488003,1,22.5770250,120.3488450,17362
136800,1,22.0408950,120.7301850,5279
136801,1,22.0078323,120.7615556,2892
136802,1,22.0739577,120.6988182,2893
136803,1,22.0408850,120.7301150,17028
520900,1,22.0286000,121.5338400,5031
520901,1,22.0016398,121.5677702,2900
520902,1,22.0555600,121.4999106,2899
520903,1,22.0285850,121.5337900,16750
10059,0,22.6916350,120.4661010,3282
239800,1,22.6732250,121.4661800,4940
239801,1,22.6337284,121.4781393,2871
239802,1,22.7127206,121.4542457,2871
239803,1,22.6732200,121.4661050,16670
764800,1,22.7548650,121.1016500,5604
764801,1,22.7179870,121.0694511,2904
764802,1,22.7917442,121.1338523,2903
764803,1,22.7548600,121.1017300,17377
1569,0,24.8196280,120.9375420,2120
159700,1,24.0237000,121.6169400,5744
159701,1,24.0672228,121.6407747,2908
159702,1,23.9801715,121.5931000,2908
159703,1,24.0237000,121.6170300,17529
31501,0,24.1287780,120.5909590,915
215600,1,23.4636050,120.3905400,5868
215601,1,23.4106815,120.3911710,2880
215602,1,23.5165345,120.3899395,2880
215603,1,23.4635950,120.3904800,17660
769700,1,24.2650550,120.6207000,6149
769701,1,24.2099738,120.6242570,2884
769702,1,24.3201371,120.6171769,2884
769703,1,24.2650500,120.6206300,17955
31502,0,25.0398920,121.5119970,292
756400,1,25.0836950,121.2297190,6148
756401,1,25.0713150,121.2368135,6007
756402,1,25.1184520,121.2736060,2895
756403,1,25.0489285,121.1858355,2895
756404,1,25.1051595,121.2795285,2895
756405,1,25.0374605,121.1941020,2895
756406,1,25.0712850,121.2368800,17788
756407,1,25.0836650,121.2297850,17934
760800,1,25.0695850,121.5525300,5656
760801,1,25.0676902,121.6080774,2898
760802,1,25.0714777,121.4969564,2898
760803,1,25.0695050,121.5525800,17389
960003726,1,25.0395833,121.5131945,1180
162500,1,28.5137334,121.4129610,13778
162501,1,28.6112329,121.4453765,13775
800900,1,27.8527505,120.8328481,14442
800901,1,27.9604701,120.8707342,14239
903000,1,29.2880091,120.0241288,14031
903001,1,29.3928172,120.0389738,13695
141300,1,30.1857287,120.3874956,14866
141301,1,30.2693051,120.4300005,19628
420800,1,29.8501857,121.4026507,14512
420801,1,29.8031456,121.5189609,14516
960003651,1,30.7044463,120.6247254,4330
960003653,1,30.6944629,120.7214824,4408
960003650,1,30.7214096,120.5943968,1793
960003652,1,30.6980238,120.6734100,5346
807900,1,31.4489966,120.4217734,14286
807901,1,31.5484520,120.4406668,14285
827300,1,31.1966433,121.3125706,18878
827301,1,31.1541479,121.3591211,14238
40045152,1,31.2309665,121.4314088,647
40000128,1,31.2310019,121.4701794,544
40000122,1,31.2042121,121.4365253,460
437300,1,32.0316647,121.0024507,14422
437301,1,32.1158070,120.9596987,14374
960003505,1,31.5092952,121.0746296,114
960003506,1,31.5135644,121.1022458,89
960003504,1,31.5113229,121.0723163,53
912100,1,33.4767504,120.2337925,14541
912101,1,33.3750001,120.1719918,14561
3256800,1,37.7098419,121.0161278,14840
3256801,1,37.6101279,120.9421288,14644
61400,1,38.9575912,121.4823622,14258
61401,1,38.9749025,121.5976149,13956
269400,1,40.8714256,121.2523268,13980
269401,1,40.9871941,121.3027449,14120
180600,1,41.4991681,120.4768758,13552
180601,1,41.5850149,120.3897510,13470
737200,1,43.5076716,122.1919593,13783
737201,1,43.6060609,122.2070476,13784
146900,1,46.1786544,122.0699789,14060
146901,1,46.2246667,121.9274336,14102
156400,1,29.9771133,122.3340402,14237
156401,1,29.8911894,122.3909354,14237
791300,1,37.2356143,122.2393034,14088
791301,1,37.1362031,122.2208522,14088
52700,1,39.9824937,124.3049037,13810
52701,1,40.0683729,124.2659215,13693
3336500,1,40.4919860,122.3375074,14051
3336501,1,40.5929838,122.3816656,14005
3278300,1,39.2244087,122.7193136,13503
3278301,1,39.3089395,122.6140977,13506
827700,1,41.5900280,123.4377481,14800
827701,1,41.6857235,123.5266781,15026
110300,1,41.1552489,122.8549494,13503
110301,1,41.0580646,122.8486431,13409
960001572,0,41.8343586,123.4279259,500
960001594,0,41.7778392,123.4017928,500
3320600,1,45.4582781,122.9654927,14348
3320601,1,45.5516733,123.0750196,14266
417700,1,47.2816580,123.8561035,13994
417701,1,47.1991849,123.9772076,13912
3320400,1,47.9135187,122.7679474,13404
3320401,1,47.8198029,122.7698032,13387
263100,1,50.4141587,124.0768212,13486
263101,1,50.3283324,124.1614385,13789
450900,1,52.9488733,122.3404285,14255
450901,1,52.8860278,122.5019906,14311
40002548,1,40.1196499,124.4355501,18720
3356500,1,41.9985351,125.6998242,14217
3356501,1,42.0997744,125.7671315,14220
179300,1,43.9492037,125.6381095,14910
179301,1,44.0449016,125.7334402,14840
960001558,0,43.8943539,125.3158347,500
3151400,1,45.6403638,126.2509076,19674
3151401,1,45.5728892,126.2238049,19988
69300,1,46.7924993,125.0769559,14347
69301,1,46.7108430,125.1971939,14153
4000256200,1,48.4805718,126.1927540,14166
4000256201,1,48.4014924,126.0649591,14177
415200,1,42.0224085,127.6156397,13547
415201,1,42.1117389,127.5909469,13739
960001595,0,45.7583784,126.6454782,500
960001573,0,45.7401416,126.6558798,500
139200,1,50.1316689,127.3739664,14067
139201,1,50.2133347,127.2443611,14236
911000,1,42.8549893,129.3941839,13739
911001,1,42.9093364,129.5108512,13761
628600,1,44.5762807,129.5914920,13900
628601,1,44.4678528,129.5491013,14039
3277700,1,47.7556746,128.9478971,13222
3277701,1,47.7481825,129.0903696,13146
4004770900,1,44.4339008,130.9141027,14232
4004770901,1,44.4741194,130.7728733,14234
268300,1,46.7967096,130.4166638,14392
268301,1,46.8915574,130.5133209,14474
3277000,1,45.3022101,131.1219655,13446
3277001,1,45.2841927,131.2646566,13461
960003078,1,47.0938409,132.6718422,7120
3320800,1,48.1483449,134.3118992,14612
3320801,1,48.2449246,134.4155973,14334
960003080,1,47.1400811,132.6473657,6239
960003079,1,47.1011818,132.6448881,5238
